year,projected_fcf,pv_fcf
1,115870619946.66669,107287611061.72841
2,129775094340.2667,111261226286.23686
3,145348105661.09872,115382012444.9864
4,162789878340.43057,119655420313.31921
5,182324663741.28226,124087102547.14584
